date,open,high,low,close,volume,split,dividend,absoluteChange,percentChange
1/10/2016 0:00,448.84,449.89,440.8,448.79,4078.61,,,,
1/11/2016 0:00,448.2,451.13,438,448,7986.46,,,,
1/12/2016 0:00,448,448,434.35,434.85,6930.9,,,,
1/13/2016 0:00,434.78,438.35,424.5,432.64,10067.02,,,,
1/14/2016 0:00,432.64,434,427,429.55,4420.91,,,,
1/15/2016 0:00,429.55,429.8,360,360,37326.7,,,,
1/16/2016 0:00,360.62,392.07,352,386.91,25019.25,,,,
1/17/2016 0:00,387.8,391.14,376,380.16,8416.94,,,,
1/18/2016 0:00,379.94,388.5,373.63,385.49,7015.53,,,,
1/19/2016 0:00,385.47,386.92,375.59,376.76,7223,,,,
1/20/2016 0:00,376.9,422.98,372.53,416.32,25172.92,,,,
1/21/2016 0:00,418.9,421.25,404.59,409.59,9414.56,,,,
1/22/2016 0:00,409.42,410.07,374.45,382.55,14744.76,,,,
1/23/2016 0:00,382.85,395,381.05,386.4,7664.89,,,,
1/24/2016 0:00,386.37,405.97,385.36,402.16,5448.85,,,,
1/25/2016 0:00,402.16,402.31,385.5,390.9,8040.83,,,,
1/26/2016 0:00,390.1,397.7,386.2,391.77,6589.15,,,,
1/27/2016 0:00,391.77,397,390.31,394.95,4262.63,,,,
1/28/2016 0:00,394.62,395.56,376,379.75,11414.05,,,,
1/29/2016 0:00,379.55,383.99,363.73,378.22,13544.15,,,,
1/30/2016 0:00,378.12,380.42,372.95,375.64,2587.11,,,,
1/31/2016 0:00,376.38,379.3,364.7,368.49,4166.67,,,,
2/1/2016 0:00,368.49,378.2,366.53,371.81,7255.13,,,,
2/2/2016 0:00,371.79,375,369.73,373.05,5719.11,,,,
2/3/2016 0:00,373.05,374,365,368.38,7107.79,,,,
2/4/2016 0:00,368.4,391.88,367.95,387.82,13446.48,,,,
2/5/2016 0:00,388,389.5,382.99,385,7372.61,,,,
2/6/2016 0:00,384.97,384.98,371.35,375.39,5735.7,,,,
2/7/2016 0:00,375.39,380,373.04,375,2885.48,,,,
2/8/2016 0:00,375,378.99,369.99,370.91,6943.11,,,,
2/9/2016 0:00,370.95,377,369.12,373.2,5779.68,,,,
2/10/2016 0:00,373.69,383.85,372.12,379.66,10006.63,,,,
2/11/2016 0:00,379.34,380.5,373.54,377.98,7471.96,,,,
2/12/2016 0:00,377.98,383.48,377.07,383.27,5996.09,,,,
2/13/2016 0:00,383,390.99,382,390.99,7324.97,,,,
2/14/2016 0:00,390.99,406.71,390.59,405,9758.39,,,,
2/15/2016 0:00,405.5,409.71,393.4,399.28,7906.7,,,,
2/16/2016 0:00,399.5,407.8,396,407.51,8354.83,,,,
2/17/2016 0:00,407.51,421.11,404,415.54,11842.78,,,,
2/18/2016 0:00,415.59,424.9,413.4,421.18,8588.93,,,,
2/19/2016 0:00,421.15,422,414,419.54,5015.54,,,,
2/20/2016 0:00,419.98,443.96,419.5,434.63,11633.27,,,,
2/21/2016 0:00,434.63,447.99,426,438.5,10300.35,,,,
2/22/2016 0:00,438.33,439.5,431.15,438.27,5840.32,,,,
2/23/2016 0:00,438.26,440,414,419.1,10509.61,,,,
2/24/2016 0:00,419.1,424.28,409.07,423.78,7258.36,,,,
2/25/2016 0:00,423.79,426.75,415.79,423.51,5597.97,,,,
2/26/2016 0:00,423.38,432,418.01,432,4635.12,,,,
2/27/2016 0:00,432,435,428.22,431.07,4159.36,,,,
2/28/2016 0:00,431.07,435,422.29,431.68,3501.19,,,,
2/29/2016 0:00,430.26,440.99,428.12,435.23,8463.35,,,,
3/1/2016 0:00,436.75,437.5,427.01,432.5,6941.52,,,,
3/2/2016 0:00,433.33,434.5,421.31,423.45,5788.38,,,,
3/3/2016 0:00,422.4,424.47,415.85,420.29,7483.65,,,,
3/4/2016 0:00,420.29,423.9,406.02,408.01,7789,,,,
3/5/2016 0:00,408.18,408.98,382,399.83,16436.4,,,,
3/6/2016 0:00,399.77,412.31,393.11,406.23,5692.01,,,,
3/7/2016 0:00,406.15,414.96,403.03,414.01,5937.73,,,,
3/8/2016 0:00,413.96,414.99,408.46,411.75,5576.26,,,,
3/9/2016 0:00,412.14,413.51,408.75,413,4876.79,,,,
3/10/2016 0:00,412.99,416.9,409.31,416,5255.3,,,,
3/11/2016 0:00,416,421.91,415.11,419.13,5950.81,,,,
3/12/2016 0:00,419.14,420.93,406.59,410.9,4640.49,,,,
3/13/2016 0:00,409.95,417,409.67,413.04,3286.87,,,,
3/14/2016 0:00,412.99,415.22,410.5,414.99,4470.79,,,,
3/15/2016 0:00,414.83,417.43,412.15,415.85,4569.88,,,,
3/16/2016 0:00,415.84,416.82,413.15,416.57,4100.48,,,,
3/17/2016 0:00,416.52,419,415.66,418.49,3704.16,,,,
3/18/2016 0:00,418.47,418.49,403.34,407.91,6391.25,,,,
3/19/2016 0:00,407.5,409.95,404.1,409.04,2870.25,,,,
3/20/2016 0:00,408.36,412,406.6,411.28,2579,,,,
3/21/2016 0:00,410.62,411.96,406.5,411.67,3546.28,,,,
3/22/2016 0:00,411.15,416.99,410.35,416.64,3950.16,,,,
3/23/2016 0:00,416.39,419,413.44,417.62,4946.4,,,,
3/24/2016 0:00,417.62,418.15,412.85,415.17,2776.61,,,,
3/25/2016 0:00,415.17,416.92,412,415.7,2588.78,,,,
3/26/2016 0:00,415.6,416.99,414,416.96,1253.01,,,,
3/27/2016 0:00,416.96,427.99,415.77,424.77,5038.88,,,,
3/28/2016 0:00,424.62,424.77,420.32,422.87,3283.79,,,,
3/29/2016 0:00,422.87,424.37,407.22,415.95,5955,,,,
3/30/2016 0:00,415.43,415.93,408.59,413.74,4824.85,,,,
3/31/2016 0:00,413.68,416.99,411.4,414.66,3774.42,,,,
4/1/2016 0:00,414.66,416.99,413.42,416.31,3736.77,,,,
4/2/2016 0:00,416.31,420,416.01,419,2072.95,,,,
4/3/2016 0:00,419.35,419.48,416.1,419.11,1337.67,,,,
4/4/2016 0:00,418.51,419.85,416,418.75,3457.56,,,,
4/5/2016 0:00,418.81,423,416.61,422.71,3956.56,,,,
4/6/2016 0:00,422.71,422.9,420,421.03,2396.35,,,,
4/7/2016 0:00,420.62,421.99,418.09,420,3216.81,,,,
4/8/2016 0:00,419.99,423.99,416.26,417.75,4584.13,,,,
4/9/2016 0:00,417.75,418.71,412,418.24,3599.4,,,,
4/10/2016 0:00,418.59,421.79,417.2,420.04,1779.83,,,,
4/11/2016 0:00,420.4,422.8,418,422.69,3487.83,,,,
4/12/2016 0:00,422.79,426.67,421,425.54,6082.73,,,,
4/13/2016 0:00,425.32,426,422.27,423.93,3917.08,,,,
4/14/2016 0:00,423.6,425.35,420.57,424.86,3863.8,,,,
4/15/2016 0:00,424.4,430,423.07,429.45,4406.24,,,,
4/16/2016 0:00,429.29,432.87,381.47,430.69,1848.39,,,,
4/17/2016 0:00,430.18,430.91,377.87,427.42,1502.86,,,,
4/18/2016 0:00,427.15,430.01,425.8,428.14,3180.43,,,,
4/19/2016 0:00,428.14,436.82,426.24,435.63,3798.24,,,,
4/20/2016 0:00,435.7,444,433.11,442.13,7602.65,,,,
4/21/2016 0:00,441.99,452.11,440,451,5421.16,,,,
4/22/2016 0:00,451,451.36,442.96,447.7,5494.44,,,,
4/23/2016 0:00,447.16,452.19,444.46,451.92,2250.04,,,,
4/24/2016 0:00,451.92,470.02,447.06,460.02,7103.31,,,,
4/25/2016 0:00,460.03,469.47,455.13,462.33,5607.19,,,,
4/26/2016 0:00,462.29,469.87,462.13,467.42,4629.19,,,,
4/27/2016 0:00,467.39,469.03,443.2,445.38,7084.24,,,,
4/28/2016 0:00,445.39,451,435,449.14,8736.26,,,,
4/29/2016 0:00,449.94,456.53,445.62,456.53,2982.54,,,,
4/30/2016 0:00,456.53,456.9,446.5,448.37,2419.58,,,,
5/1/2016 0:00,448.43,453.78,446.84,453,1190.7,,,,
5/2/2016 0:00,452.99,453.8,438.59,444.06,6362.93,,,,
5/3/2016 0:00,444.06,452,440.78,450.61,5576.91,,,,
5/4/2016 0:00,451.18,451.68,444.15,446.63,3327.61,,,,
5/5/2016 0:00,447.36,450,445.11,448.5,2569.59,,,,
5/6/2016 0:00,448.5,463.97,447.03,458.48,5540.14,,,,
5/7/2016 0:00,458.98,461,455.95,458.07,2004.64,,,,
5/8/2016 0:00,458.97,459.69,455.95,458.21,1353.23,,,,
5/9/2016 0:00,457.75,464.79,455.62,460.82,3536.5,,,,
5/10/2016 0:00,461.49,463,447.38,451.62,5746.16,,,,
5/11/2016 0:00,450.88,457.99,450.32,452.91,3352.58,,,,
5/12/2016 0:00,452.95,455.25,448.88,455.2,3453.49,,,,
5/13/2016 0:00,455.2,456.82,452.04,455.91,2822.65,,,,
5/14/2016 0:00,456.42,457.25,453.51,455.57,1377.72,,,,
5/15/2016 0:00,456.3,458.08,454.72,457.56,1612.71,,,,
5/16/2016 0:00,457.56,458,451.11,454,3248.19,,,,
5/17/2016 0:00,454,456.09,452,453.08,3430.48,,,,
5/18/2016 0:00,452.96,455.68,452,452.92,2608.23,,,,
5/19/2016 0:00,452.47,453.85,435.03,436.3,5961.12,,,,
5/20/2016 0:00,436.3,444.41,435.06,442.72,3448.23,,,,
5/21/2016 0:00,442.84,443.98,435.28,443.31,1916.43,,,,
5/22/2016 0:00,442.72,443.47,435,438.8,2350.68,,,,
5/23/2016 0:00,438.72,442.99,436.4,442.99,2625.6,,,,
5/24/2016 0:00,442.63,446.37,441,443.97,3072.78,,,,
5/25/2016 0:00,445.31,449.6,444.26,448.7,3663.32,,,,
5/26/2016 0:00,448.27,452.98,446.8,452.07,3768.5,,,,
5/27/2016 0:00,452.07,478.16,452.07,472.05,12234.2,,,,
5/28/2016 0:00,470.58,529.08,468,519.41,12568.03,,,,
5/29/2016 0:00,522.13,540,485,517.84,8215.67,,,,
5/30/2016 0:00,517.6,535,510.01,527.64,6074.77,,,,
5/31/2016 0:00,527.64,548.5,515,531.84,12071.18,,,,
6/1/2016 0:00,532.37,542.87,525.49,536.95,5456.94,,,,
6/2/2016 0:00,536.95,540,529.13,538,3939.35,,,,
6/3/2016 0:00,538,578.37,535.74,569.94,8801.77,,,,
6/4/2016 0:00,569.93,588.71,558.54,573.8,6216.63,,,,
6/5/2016 0:00,573.5,582,566,573.91,5415.93,,,,
6/6/2016 0:00,573.8,586.02,573.8,584.5,4465.52,,,,
6/7/2016 0:00,584.12,594.44,563,577.54,6705.92,,,,
6/8/2016 0:00,577.48,584.25,571.86,583.03,3259.15,,,,
6/9/2016 0:00,583.01,583.1,572.97,575.01,3770.72,,,,
6/10/2016 0:00,576.06,580,572,578.01,3458.56,,,,
6/11/2016 0:00,576.53,611,575.93,610,4000.07,,,,
6/12/2016 0:00,610,683.02,603.21,672.13,14138.31,,,,
6/13/2016 0:00,668.73,725,655.02,704.49,17280.6,,,,
6/14/2016 0:00,703.81,704.5,655,685.25,10633.44,,,,
6/15/2016 0:00,685.25,695.77,672.12,695,5783.92,,,,
6/16/2016 0:00,695,773.07,689.8,766.62,17946.83,,,,
6/17/2016 0:00,767.37,778.7,706.37,745.22,14687.27,,,,
6/18/2016 0:00,745,778.85,723.02,754.83,5903.47,,,,
6/19/2016 0:00,753.47,764.93,740.11,761.44,2617.28,,,,
6/20/2016 0:00,759.12,763.99,723.4,730.85,7975.97,,,,
6/21/2016 0:00,725,728.18,625,667.54,33056.29,,,,
6/22/2016 0:00,665.36,677.63,588.03,601.3,16456.41,,,,
6/23/2016 0:00,600.51,632.67,1.5,624.91,24334.08,,,,
6/24/2016 0:00,622.59,683.88,620.82,661.71,16163.8,,,,
6/25/2016 0:00,660.76,684.45,639.4,659.86,6576.67,,,,
6/26/2016 0:00,658.8,662.9,608.64,630.16,5838.15,,,,
6/27/2016 0:00,630.16,658,618.03,657.5,8668.59,,,,
6/28/2016 0:00,657.49,665.51,635.5,646.08,5478.36,,,,
6/29/2016 0:00,644.33,645,621.09,634.11,9132.48,,,,
6/30/2016 0:00,635.91,671.22,628.06,667.95,7479.79,,,,
7/1/2016 0:00,666.33,684.1,659.71,674.86,6432.92,,,,
7/2/2016 0:00,674.55,704.93,672.74,702.48,5506.04,,,,
7/3/2016 0:00,702.48,704.99,646.29,658.27,7320.32,,,,
7/4/2016 0:00,659.77,682.35,640.1,680.35,4290.13,,,,
7/5/2016 0:00,678.74,682.36,661.57,668.94,3112.73,,,,
7/6/2016 0:00,669.09,679,662.13,674.7,3590.61,,,,
7/7/2016 0:00,674.7,678.43,605.5,638.19,12686.98,,,,
7/8/2016 0:00,638.89,665.99,635,663,6579.39,,,,
7/9/2016 0:00,663,663.99,626,647.78,6180.15,,,,
7/10/2016 0:00,647.78,650.88,636.8,648.76,2313.35,,,,
7/11/2016 0:00,648.77,659.6,639.31,649.32,2978.14,,,,
7/12/2016 0:00,649.32,678,646.05,663.52,4288.08,,,,
7/13/2016 0:00,663.52,669.97,651.03,655.06,6573.2,,,,
7/14/2016 0:00,652.24,664.93,650.01,659.1,2392.43,,,,
7/15/2016 0:00,660.3,670.01,658.41,664.6,3228.34,,,,
7/16/2016 0:00,664.6,666.67,655,662.45,1682.68,,,,
7/17/2016 0:00,662.45,684.19,661.35,679.54,3437.77,,,,
7/18/2016 0:00,679.54,682.21,666.12,672.1,3012.21,,,,
7/19/2016 0:00,673.45,675.81,666,673.48,1904.43,,,,
7/20/2016 0:00,674.8,675,660,667.03,3418.63,,,,
7/21/2016 0:00,667.01,667.1,660.1,663.99,2503.04,,,,
7/22/2016 0:00,663.25,666.3,645,649.95,5191.56,,,,
7/23/2016 0:00,647.88,656.77,646,655.52,1284.52,,,,
7/24/2016 0:00,655.52,665,651.99,661.47,1427.98,,,,
7/25/2016 0:00,659.64,661.99,652.28,654.96,2441.94,,,,
7/26/2016 0:00,655,656.94,645.01,651.24,3552.83,,,,
7/27/2016 0:00,651.22,659.98,646.31,653.48,2664.94,,,,
7/28/2016 0:00,655.13,657.89,652.41,653.07,1909.24,,,,
7/29/2016 0:00,654.84,657.48,653,654.61,1297.15,,,,
7/30/2016 0:00,654.88,657.5,652.19,654.67,719.16,,,,
7/31/2016 0:00,654.02,654.71,614.97,623.83,4933.62,,,,
8/1/2016 0:00,622.5,630,603.63,606.35,5512.82,,,,
8/2/2016 0:00,606.84,613.03,465.28,540,22142.67,,,,
8/3/2016 0:00,540,572.34,521,563.42,15453.59,,,,
8/4/2016 0:00,563.99,583.97,552,576.13,8499.84,,,,
8/5/2016 0:00,578.14,578.2,562,572.5,4811.24,,,,
8/6/2016 0:00,572.98,592,562.56,589.48,6021.31,,,,
8/7/2016 0:00,589.47,598.82,582.12,592.47,2910.31,,,,
8/8/2016 0:00,592.47,594,583.58,591.88,3181.85,,,,
8/9/2016 0:00,591.85,591.85,579.43,582.75,3174.71,,,,
8/10/2016 0:00,582.71,603,580.01,590.27,5217.76,,,,
8/11/2016 0:00,590.46,597.78,585.22,585.22,2543.68,,,,
8/12/2016 0:00,585.25,591.19,580.47,585.91,2177.38,,,,
8/13/2016 0:00,585.34,589.98,581.71,583.52,962.3,,,,
8/14/2016 0:00,583.54,583.92,556.24,568.76,4812.89,,,,
8/15/2016 0:00,568.76,573.69,554.9,565.55,4633.75,,,,
8/16/2016 0:00,564.2,579.8,563,574.99,4837.19,,,,
8/17/2016 0:00,574.95,577.86,566.02,570.91,4108.6,,,,
8/18/2016 0:00,570.91,575.87,568.79,571.49,3967.28,,,,
8/19/2016 0:00,571.51,574.86,552.3,572.91,4652.01,,,,
8/20/2016 0:00,572.98,581.02,568.52,577.88,2431.79,,,,
8/21/2016 0:00,577.7,583.99,576.01,577.55,1139.76,,,,
8/22/2016 0:00,577.55,585.95,572.5,582.78,5086.06,,,,
8/23/2016 0:00,582.78,584.99,576,580.23,4182.05,,,,
8/24/2016 0:00,580.27,582.1,575.4,577.58,2991.01,,,,
8/25/2016 0:00,577.65,578.75,571.16,575.71,4231.41,,,,
8/26/2016 0:00,575.75,582.46,574.1,578.78,3300.3,,,,
8/27/2016 0:00,577.92,579.09,564.81,568.31,2702.58,,,,
8/28/2016 0:00,567.51,573.34,566.8,573.2,1034.08,,,,
8/29/2016 0:00,573.2,575,568.6,571.5,2333.01,,,,
8/30/2016 0:00,570.74,576.5,568.55,575.91,4439.35,,,,
8/31/2016 0:00,575.88,576.49,568.4,570.75,3917.83,,,,
9/1/2016 0:00,570.75,572.86,566.86,571.05,2833.21,,,,
9/2/2016 0:00,571.05,574.2,567.03,572,2996.65,,,,
9/3/2016 0:00,572,598.64,569.01,595.01,4645.78,,,,
9/4/2016 0:00,596.25,609.05,590.88,603.72,3951.2,,,,
9/5/2016 0:00,605.72,607.31,592.46,603.48,3838.18,,,,
9/6/2016 0:00,604.98,609.74,601,608.16,4038.34,,,,
9/7/2016 0:00,608.93,615.92,604.7,615.16,4502.71,,,,
9/8/2016 0:00,614.44,628.98,611.66,625.67,4354.95,,,,
9/9/2016 0:00,625.67,627.49,612.93,622.01,3274.08,,,,
9/10/2016 0:00,622.01,625,618.67,621.65,1527.84,,,,
9/11/2016 0:00,621.65,628.99,594.63,606.32,5336.95,,,,
9/12/2016 0:00,604.08,609.15,602,608.04,3512.28,,,,
9/13/2016 0:00,606.4,609.61,603.28,607.46,3471.53,,,,
9/14/2016 0:00,607.45,610.69,605.98,608.5,2895.46,,,,
9/15/2016 0:00,608.5,608.99,602.3,606.71,3085.67,,,,
9/16/2016 0:00,606.65,608.99,603.5,605.69,2612.88,,,,
9/17/2016 0:00,607.04,607.59,601.1,604.1,1117.49,,,,
9/18/2016 0:00,602.93,609.06,601.97,608,1307.06,,,,
9/19/2016 0:00,608,609.5,603,608.72,2476.59,,,,
9/20/2016 0:00,608.73,608.88,600.94,600.94,2680.45,,,,
9/21/2016 0:00,600.85,601.01,592.1,595.46,3671.19,,,,
9/22/2016 0:00,595.46,596.42,592.5,595.41,2421.45,,,,
9/23/2016 0:00,595.42,602.9,593,601.42,4007.88,,,,
9/24/2016 0:00,600.47,603.59,597.76,599.33,1140.23,,,,
9/25/2016 0:00,600.05,601.99,596,598.98,1086.84,,,,
9/26/2016 0:00,598.95,607.27,596.1,606.47,4056.39,,,,
9/27/2016 0:00,606.7,608.37,600.02,604.26,3055.82,,,,
9/28/2016 0:00,605.07,605.3,601.41,603.95,2202.75,,,,
9/29/2016 0:00,603.93,605.99,601,605.6,2718.02,,,,
9/30/2016 0:00,605.59,608.39,603.15,608.23,2633.44,,,,
10/1/2016 0:00,608.23,614.28,608.23,612.98,1458.84,,,,
10/2/2016 0:00,612.98,613,605,608.6,1407.06,,,,
10/3/2016 0:00,608.6,612.98,606.6,611.16,2245.89,,,,
10/4/2016 0:00,612.84,612.84,604.99,607.19,2955.42,,,,
10/5/2016 0:00,607.19,612,605.76,608.49,2410.93,,,,
10/6/2016 0:00,608.01,610.5,607.09,610.25,2039.82,,,,
10/7/2016 0:00,610.25,616.34,607.52,614.88,4033.82,,,,
10/8/2016 0:00,614.88,616.99,612.5,614.34,888.66,,,,
10/9/2016 0:00,614.34,614.98,610,613.06,1174.26,,,,
10/10/2016 0:00,612.12,616.47,612.12,616,2295.52,,,,
10/11/2016 0:00,616.37,639,614.56,639,8087.32,,,,
10/12/2016 0:00,638.3,640,628.76,634.5,2658.53,,,,
10/13/2016 0:00,634.5,636,630,634.02,2381.5,,,,
10/14/2016 0:00,635.16,639.99,630.45,638.2,3154.82,,,,
10/15/2016 0:00,638.2,642,635.25,635.96,1421.85,,,,
10/16/2016 0:00,635.26,641.4,635.18,638.97,1289.54,,,,
10/17/2016 0:00,638.97,639.99,632.1,636.91,3958.04,,,,
10/18/2016 0:00,636.96,637.8,631.52,635.95,2731.18,,,,
10/19/2016 0:00,635.95,638.04,624.13,627.98,4472.9,,,,
10/20/2016 0:00,627.84,630.22,625,628.89,2040.01,,,,
10/21/2016 0:00,628.05,632.36,627.5,629,3050.51,,,,
10/22/2016 0:00,628.99,656,628.57,654.52,4351.62,,,,
10/23/2016 0:00,654.52,656,647.51,648.74,2535.01,,,,
10/24/2016 0:00,648.71,652.25,640,648.6,4679,,,,
10/25/2016 0:00,649.03,657.58,643,651.97,6106.92,,,,
10/26/2016 0:00,651.97,677,651.69,675.11,6716.23,,,,
10/27/2016 0:00,674.63,685.89,665.59,684.71,4545.44,,,,
10/28/2016 0:00,684.68,687.23,677.05,685.91,3574.08,,,,
10/29/2016 0:00,685.91,717.99,684.89,711.13,4034.88,,,,
10/30/2016 0:00,711.1,711.78,691.49,697.23,3752.53,,,,
10/31/2016 0:00,697.1,706.97,683.6,697.01,4655.89,,,,
11/1/2016 0:00,697.04,737,695.38,726.6,6570.02,,,,
11/2/2016 0:00,726.6,742,717.32,742,4320.53,,,,
11/3/2016 0:00,742,745.19,670.32,685.22,12102.24,,,,
11/4/2016 0:00,684.84,707.67,681,702.7,5345.68,,,,
11/5/2016 0:00,702.95,707.34,694.71,703.46,1918.31,,,,
11/6/2016 0:00,703.33,714.36,697.92,709.93,2292.86,,,,
11/7/2016 0:00,709.92,709.92,698.26,702.86,3020.87,,,,
11/8/2016 0:00,702.86,712.92,701.02,709.31,5526.47,,,,
11/9/2016 0:00,708.17,740.86,705.45,721.5,9726.25,,,,
11/10/2016 0:00,721.5,722,707,714.47,4996.45,,,,
11/11/2016 0:00,714.48,720.94,712.24,716.39,3328.33,,,,
11/12/2016 0:00,716.39,716.39,701,702.28,2811.55,,,,
11/13/2016 0:00,701.17,702.89,683.23,700.38,6023.55,,,,
11/14/2016 0:00,700.38,705.89,697.14,703.82,7566.58,,,,
11/15/2016 0:00,704.98,716.54,703.05,711.06,5668.94,,,,
11/16/2016 0:00,711.07,742.87,708.44,739.71,11585.05,,,,
11/17/2016 0:00,739.71,749.98,732.22,735.24,6681.43,,,,
11/18/2016 0:00,736,752.95,731.31,748.98,4271.04,,,,
11/19/2016 0:00,748.98,755.07,742.63,750.75,1965.44,,,,
11/20/2016 0:00,750.09,753.82,714,727.09,5525.96,,,,
11/21/2016 0:00,727.09,739.2,727.03,736.76,4017.58,,,,
11/22/2016 0:00,736.92,750,730.27,749.22,5034.7,,,,
11/23/2016 0:00,749.13,749.98,729.92,740.18,4462.78,,,,
11/24/2016 0:00,740.18,741.15,729,735.63,4039.82,,,,
11/25/2016 0:00,735.63,737.07,728,737.07,3356.09,,,,
11/26/2016 0:00,736.96,737.56,722.3,729.91,2314.58,,,,
11/27/2016 0:00,729.91,732,722.44,727.32,3447.87,,,,
11/28/2016 0:00,727.32,732.44,724.1,729.54,4741.12,,,,
11/29/2016 0:00,730.99,733.29,721,730.76,5406.9,,,,
11/30/2016 0:00,730.72,744.49,727,742.06,6249.62,,,,
12/1/2016 0:00,742.06,754.98,740.18,751.54,6124.5,,,,
12/2/2016 0:00,751.55,778.07,750.77,769.99,8098.58,,,,
12/3/2016 0:00,770.91,770.99,752.41,760.75,2772.66,,,,
12/4/2016 0:00,762.97,762.97,752.41,762,3215.68,,,,
12/5/2016 0:00,762,762.09,743,750.24,5567.77,,,,
12/6/2016 0:00,749.51,759.9,747.99,758.98,6763.74,,,,
12/7/2016 0:00,758.97,769.61,751.78,763.99,4809.71,,,,
12/8/2016 0:00,764.05,772.01,762.29,766.84,4892.94,,,,
12/9/2016 0:00,766.84,773.99,766.29,769.57,2868.42,,,,
12/10/2016 0:00,769.57,774.12,768.11,772.28,2200.71,,,,
12/11/2016 0:00,772.28,772.28,764.01,768.97,1421.13,,,,
12/12/2016 0:00,768.97,779,768.96,776.9,2805.19,,,,
12/13/2016 0:00,777,793.27,765.1,775.35,4918.81,,,,
12/14/2016 0:00,775.75,781,770.74,777.09,2333.38,,,,
12/15/2016 0:00,777.03,779.08,771,775.89,3039.82,,,,
12/16/2016 0:00,776.3,782.46,771.24,781.32,3475.77,,,,
12/17/2016 0:00,781.32,790.88,780.36,788.52,2389.76,,,,
12/18/2016 0:00,788.3,790.99,780,788.67,2519.24,,,,
12/19/2016 0:00,788.34,794.39,787.01,791,3917.87,,,,
12/20/2016 0:00,791.03,803,787.1,798.65,4118.69,,,,
12/21/2016 0:00,798.83,834.97,796.82,832.75,9391.36,,,,
12/22/2016 0:00,832.02,875,827.29,859.96,12070.35,,,,
12/23/2016 0:00,858.94,920,858.93,914,16526.63,,,,
12/24/2016 0:00,914.48,918.5,878.89,892.61,6026.45,,,,
12/25/2016 0:00,892.61,894.97,859,890.67,4658.24,,,,
12/26/2016 0:00,890.65,905.18,888,897.1,3467.55,,,,
12/27/2016 0:00,897.82,936.42,891,930.34,7225.77,,,,
12/28/2016 0:00,930.34,976.48,929.49,976.47,12285.11,,,,
12/29/2016 0:00,976.48,980.74,950,969.58,7858.46,,,,
12/30/2016 0:00,969.99,970,931,959.54,10755.04,,,,
12/31/2016 0:00,959.54,966.37,944.11,966.3,4162.92,,,,
1/1/2017 0:00,966.34,1005,960.53,997.75,6850.59,,,,
1/2/2017 0:00,997.75,1032,990.01,1012.54,8167.38,,,,
1/3/2017 0:00,1011.44,1039,999.99,1035.24,9089.66,,,,
1/4/2017 0:00,1035.51,1139.89,1028.56,1114.92,21562.46,,,,
1/5/2017 0:00,1114.38,1136.72,885.41,1004.74,36018.86,,,,
1/6/2017 0:00,1004.73,1026.99,871,893.89,27916.7,,,,
1/7/2017 0:00,894.02,907.05,812.28,906.2,20401.11,,,,
1/8/2017 0:00,906.2,941.81,881.3,909.75,8937.49,,,,
1/9/2017 0:00,909.8,912.87,875,896.23,8716.18,,,,
1/10/2017 0:00,896.09,912.47,889.41,905.05,8535.52,,,,
1/11/2017 0:00,905.24,918.4,755,778.62,35893.77,,,,
1/12/2017 0:00,778.7,832.99,751.34,807.47,17400.14,,,,
1/13/2017 0:00,807.51,831.4,775,825.86,11409.52,,,,
1/14/2017 0:00,825.98,837.76,810,818.27,6614.72,,,,
1/15/2017 0:00,819.52,823.45,808,821.86,4231.46,,,,
1/16/2017 0:00,821.86,835,818.09,831.81,6166.04,,,,
1/17/2017 0:00,831.76,908.5,827,905.99,12264.17,,,,
1/18/2017 0:00,905.95,915.99,851.74,887.7,11181.9,,,,
1/19/2017 0:00,887.69,910,878.89,901.01,11094.6,,,,
1/20/2017 0:00,902.23,902.43,880,895.8,6618.63,,,,
1/21/2017 0:00,895.81,928,895,921.98,5865.63,,,,
1/22/2017 0:00,921.98,937.74,886.76,923.76,7166.67,,,,
1/23/2017 0:00,923.75,927.57,913.21,913.52,3514.74,,,,
1/24/2017 0:00,913.15,923,881.48,885.47,9405.05,,,,
1/25/2017 0:00,885.47,904.01,884.5,893.43,5291.55,,,,
1/26/2017 0:00,893.25,919.49,892.86,914.83,5164.9,,,,
1/27/2017 0:00,914.95,924.88,908.01,918.02,4830.54,,,,
1/28/2017 0:00,918.02,920.99,913.08,918.6,1175.86,,,,
1/29/2017 0:00,918.6,919.99,910.45,912.01,1349.01,,,,
1/30/2017 0:00,913.12,923,910,919.99,3121.19,,,,
1/31/2017 0:00,919.99,970,917.5,963.99,9507.1,,,,
2/1/2017 0:00,963.99,986.96,962,983.67,6954.4,,,,
2/2/2017 0:00,983.79,1011.65,973.12,1009.17,8269.68,,,,
2/3/2017 0:00,1009.15,1022.64,987.01,1016.99,10928.02,,,,
2/4/2017 0:00,1015.06,1044.23,1004,1033.18,5752.29,,,,
2/5/2017 0:00,1033.72,1034.6,1004.7,1011.07,4348.17,,,,
2/6/2017 0:00,1010.03,1031.94,1005.1,1023.99,5080.85,,,,
2/7/2017 0:00,1024,1056.25,1021.3,1052.48,5372.13,,,,
2/8/2017 0:00,1052.48,1070,1025,1050.4,9633.26,,,,
2/9/2017 0:00,1051.73,1074.69,913.73,986,25150.07,,,,
2/10/2017 0:00,985.71,1010.68,950,996.08,10731.29,,,,
2/11/2017 0:00,995.49,1020,987.62,1012.4,4472.51,,,,
2/12/2017 0:00,1011.01,1011.97,991.98,1000.73,2684,,,,
2/13/2017 0:00,1000.73,1007.89,975.1,1000.79,4547.26,,,,
2/14/2017 0:00,1000.74,1019,987.97,1008.88,6761.11,,,,
2/15/2017 0:00,1008.88,1013.8,1000.97,1011.53,3095.66,,,,
2/16/2017 0:00,1011.53,1043.21,1010.75,1032.7,5996.1,,,,
2/17/2017 0:00,1032.91,1064.99,1031.98,1055.46,6085.02,,,,
2/18/2017 0:00,1055.75,1068.99,1046.14,1056.4,4474.95,,,,
2/19/2017 0:00,1056.4,1061.9,1039.07,1051.8,2270.85,,,,
2/20/2017 0:00,1051.8,1089.99,1044.39,1084,3664.37,,,,
2/21/2017 0:00,1084,1126.86,1077,1124.62,8395.47,,,,
2/22/2017 0:00,1124.83,1143,1098.16,1130.01,11673.09,,,,
2/23/2017 0:00,1130.02,1193.92,1120.73,1188.11,11753.24,,,,
2/24/2017 0:00,1183.53,1220,1091.1,1180.14,19598.23,,,,
2/25/2017 0:00,1180.05,1184.73,1127,1152.2,6238.44,,,,
2/26/2017 0:00,1152.11,1184.97,1133,1179.05,3536.49,,,,
2/27/2017 0:00,1180.46,1197.99,1169,1194.64,4640.77,,,,
2/28/2017 0:00,1194.64,1209.99,1176.27,1191.21,7562.47,,,,
3/1/2017 0:00,1191.16,1231,1188.3,1226.39,6013.07,,,,
3/2/2017 0:00,1228,1283.25,1215,1257.6,7762.73,,,,
3/3/2017 0:00,1256.32,1298,1255,1285.33,7545.48,,,,
3/4/2017 0:00,1287.38,1289.55,1230,1260,4951.23,,,,
3/5/2017 0:00,1260,1275,1240,1273,3026.02,,,,
3/6/2017 0:00,1269.98,1285,1251,1278.49,4249.65,,,,
3/7/2017 0:00,1278.49,1281.62,1175.97,1233.05,14450.04,,,,
3/8/2017 0:00,1233.86,1245.49,1145.5,1150.05,13399.44,,,,
3/9/2017 0:00,1149.34,1208,1135.01,1190.89,7654.74,,,,
3/10/2017 0:00,1190.99,1350,975,1116.97,33467.94,,,,
3/11/2017 0:00,1111.55,1198,1106.51,1176.55,7346.79,,,,
3/12/2017 0:00,1176.58,1241.85,1170.9,1226.62,5793.91,,,,
3/13/2017 0:00,1226.42,1249.02,1215.43,1242.46,5637.36,,,,
3/14/2017 0:00,1242.46,1260,1226.5,1245.86,5745.5,,,,
3/15/2017 0:00,1245.82,1260,1238.32,1257.32,3930.5,,,,
3/16/2017 0:00,1258.75,1258.96,1130,1172.62,15246.55,,,,
3/17/2017 0:00,1172,1173.23,1063,1071.02,16704.57,,,,
3/18/2017 0:00,1068.16,1099,944.36,969.4,21292.6,,,,
3/19/2017 0:00,969.4,1063.7,969.4,1017.97,12201.86,,,,
3/20/2017 0:00,1012.88,1053,1010.01,1035.96,7497.91,,,,
3/21/2017 0:00,1036.23,1117.9,1034.92,1114.39,11125.5,,,,
3/22/2017 0:00,1114.39,1114.39,988,1037.56,14521.26,,,,
3/23/2017 0:00,1037.6,1054.4,1010.69,1029.65,5917,,,,
3/24/2017 0:00,1030.84,1032,920,929.06,16072.42,,,,
3/25/2017 0:00,928.1,963.36,891.33,956.02,13507.44,,,,
3/26/2017 0:00,956.02,997,937.52,960,9012.92,,,,
3/27/2017 0:00,959.08,1043,952.95,1039.92,8687.09,,,,
3/28/2017 0:00,1039.09,1068.26,1014.9,1043.99,9115.52,,,,
3/29/2017 0:00,1042.83,1059.43,1008.16,1035.96,9379.72,,,,
3/30/2017 0:00,1037.29,1050.17,1017.14,1033.7,8645.38,,,,
3/31/2017 0:00,1033.79,1081,1031.43,1070.31,12058.79,,,,
4/1/2017 0:00,1071.34,1097,1061.64,1083.94,5209.13,,,,
4/2/2017 0:00,1083.95,1100,1066.49,1078.01,7639.9,,,,
4/3/2017 0:00,1076.59,1152,1076.19,1144.77,11076.86,,,,
4/4/2017 0:00,1146.42,1162.93,1118.85,1143,7420.87,,,,
4/5/2017 0:00,1143,1145,1111,1134.58,5588.98,,,,
4/6/2017 0:00,1134.86,1201.37,1134.36,1190.85,9134.3,,,,
4/7/2017 0:00,1190.72,1202,1176,1190.66,5450.27,,,,
4/8/2017 0:00,1190.66,1197.3,1166.66,1184.03,2720.8,,,,
4/9/2017 0:00,1184.05,1216.87,1173.98,1206.2,4817.42,,,,
4/10/2017 0:00,1205.2,1219.71,1195,1209.25,3656.82,,,,
4/11/2017 0:00,1209.99,1229,1198.02,1218.99,3487.75,,,,
4/12/2017 0:00,1218.99,1224.57,1208,1212.17,3475.19,,,,
4/13/2017 0:00,1212.16,1219.45,1141,1172.91,7135.3,,,,
4/14/2017 0:00,1172.56,1193,1142,1170.34,8982.77,,,,
4/15/2017 0:00,1169.53,1192.5,1165,1173.45,1804.45,,,,
4/16/2017 0:00,1171,1179.3,1150,1162.31,2663.99,,,,
4/17/2017 0:00,1162.31,1192.5,1161,1176.54,3568.83,,,,
4/18/2017 0:00,1176.59,1210,1175.95,1202.58,5514.18,,,,
4/19/2017 0:00,1202.59,1209.99,1190,1203.98,6046.52,,,,
4/20/2017 0:00,1203.98,1243.88,1201.66,1234.19,5972.94,,,,
4/21/2017 0:00,1234.93,1252.32,1231.65,1243.61,5023.04,,,,
4/22/2017 0:00,1243.6,1247.15,1199,1233.2,4173.28,,,,
4/23/2017 0:00,1231.85,1248.99,1223.42,1241.99,2604.72,,,,
4/24/2017 0:00,1242,1254,1234,1253.58,3048.69,,,,
4/25/2017 0:00,1253.57,1280,1251.07,1269,5249.77,,,,
4/26/2017 0:00,1271.4,1330,1265,1287.99,8707.64,,,,
4/27/2017 0:00,1287.92,1342.02,1285,1331.53,6669.99,,,,
4/28/2017 0:00,1331,1347.02,1299,1330.7,8234.28,,,,
4/29/2017 0:00,1333.93,1342.8,1316,1333,3927.45,,,,
4/30/2017 0:00,1336.77,1356,1315.68,1350.21,3536.18,,,,
5/1/2017 0:00,1348.88,1425,1341.22,1390.86,8604.41,,,,
5/2/2017 0:00,1390.86,1481.73,1388,1447.75,8920.69,,,,
5/3/2017 0:00,1447.75,1516.04,1431.02,1503.22,11077.59,,,,
5/4/2017 0:00,1503.25,1623.01,1444.94,1537.23,19548.53,,,,
5/5/2017 0:00,1537.36,1609,1495,1514.9,15603.68,,,,
5/6/2017 0:00,1515.39,1578.97,1505,1558.02,7901.14,,,,
5/7/2017 0:00,1554.04,1565,1525,1554.01,7667.79,,,,
5/8/2017 0:00,1554.38,1653.97,1554.38,1649.54,19262.35,,,,
5/9/2017 0:00,1649.55,1760.4,1616.05,1720.28,16807.73,,,,
5/10/2017 0:00,1720.26,1794.21,1682,1772.58,11265.38,,,,
5/11/2017 0:00,1774.52,1892,1745.01,1828.45,14740.22,,,,
5/12/2017 0:00,1830.85,1832,1650,1691.51,17062.84,,,,
5/13/2017 0:00,1690.33,1785.82,1601.46,1776.89,10532.23,,,,
5/14/2017 0:00,1776.8,1815,1753,1784,4816.73,,,,
5/15/2017 0:00,1782.3,1784,1682.56,1705.48,13316.8,,,,
5/16/2017 0:00,1706.07,1750,1641.22,1700.01,16554.09,,,,
5/17/2017 0:00,1700.01,1840.42,1670.01,1782.99,17797.32,,,,
5/18/2017 0:00,1779,1881.8,1766.33,1878.99,11916.12,,,,
5/19/2017 0:00,1879,1969.99,1874.99,1958,14124.62,,,,
5/20/2017 0:00,1959.09,2021,1914,2013.99,12309.95,,,,
5/21/2017 0:00,2013.99,2063.11,1961.52,2017.55,6755.83,,,,
5/22/2017 0:00,2017.55,2230.34,2001,2099.97,16338.54,,,,
5/23/2017 0:00,2088.76,2275,2088.45,2264.23,14138.92,,,,
5/24/2017 0:00,2265.9,2481.75,2264.64,2420.29,22144.6,,,,
5/25/2017 0:00,2420.29,2760.1,2221,2292.53,32964.76,,,,
5/26/2017 0:00,2277.01,2599.12,2060,2279.82,28326.82,,,,
5/27/2017 0:00,2280.7,2339.94,1850,2042,26216.28,,,,
5/28/2017 0:00,2042.89,2313.96,2041.48,2178.81,15375.22,,,,
5/29/2017 0:00,2172.54,2350,2110,2292.1,12129.28,,,,
5/30/2017 0:00,2290.18,2339.08,2160,2203.51,13888.85,,,,
5/31/2017 0:00,2201.7,2334,2154.28,2298.01,16279.29,,,,
6/1/2017 0:00,2298.01,2456.39,2296.81,2413.63,18401.66,,,,
6/2/2017 0:00,2413.58,2489,2370.03,2488.94,12428.7,,,,
6/3/2017 0:00,2488.94,2584.34,2445,2540.94,10810.58,,,,
6/4/2017 0:00,2538.1,2569,2460,2530.27,8828.62,,,,
6/5/2017 0:00,2530.27,2699.35,2525.28,2698,12221.44,,,,
6/6/2017 0:00,2698,2933,2689.4,2880.74,26695.67,,,,
6/7/2017 0:00,2875.71,2893.28,2612.5,2683.03,16967.04,,,,
6/8/2017 0:00,2680.24,2815,2613.13,2806,13251.41,,,,
6/9/2017 0:00,2805.46,2868.23,2780.43,2822.32,8036.31,,,,
6/10/2017 0:00,2818,2912.98,2800,2899.99,9593.36,,,,
6/11/2017 0:00,2899.01,2967.46,2861.53,2954.22,6830.61,,,,
6/12/2017 0:00,2954.23,2980,2480.03,2667.06,31534.95,,,,
6/13/2017 0:00,2656.97,2783.62,2638.62,2703.02,16275.83,,,,
6/14/2017 0:00,2705.99,2801,2320,2450,29478.82,,,,
6/15/2017 0:00,2451.42,2516.2,2120,2424.91,36751.09,,,,
6/16/2017 0:00,2424.96,2540,2307.66,2484.68,13802.39,,,,
6/17/2017 0:00,2484.68,2674.4,2420.53,2630,11142.99,,,,
6/18/2017 0:00,2630.06,2665,2460.62,2516.98,9424.23,,,,
6/19/2017 0:00,2516.98,2598,2480.96,2598,10570.67,,,,
6/20/2017 0:00,2598,2783,2581,2740,15891.7,,,,
6/21/2017 0:00,2734.03,2789,2611,2657.04,15676.32,,,,
6/22/2017 0:00,2658.67,2740,2594.61,2713.48,10792.79,,,,
6/23/2017 0:00,2713.48,2745,2657.46,2685.05,8232.48,,,,
6/24/2017 0:00,2685.05,2724.96,2512.13,2557.66,13342.82,,,,
6/25/2017 0:00,2557.66,2635.72,2432,2502.03,10339.57,,,,
6/26/2017 0:00,2502.26,2550.03,2315.01,2421.22,22094.21,,,,
6/27/2017 0:00,2421.21,2565,2291,2565,19129.6,,,,
6/28/2017 0:00,2565,2593,2468.01,2559.9,12274.55,,,,
6/29/2017 0:00,2550.99,2594.78,2500.31,2541.59,8125.38,,,,
6/30/2017 0:00,2538.41,2564.58,2451,2465.49,8715.72,,,,
7/1/2017 0:00,2465.48,2517.11,2390,2412.41,8885.89,,,,
7/2/2017 0:00,2421.3,2528.72,2374.34,2504.37,8744.53,,,,
7/3/2017 0:00,2504.81,2595,2472.68,2550.47,11520.71,,,,
7/4/2017 0:00,2540.07,2639.47,2540.07,2596.12,9662.76,,,,
7/5/2017 0:00,2594.52,2623,2530.1,2602.9,10882.84,,,,
7/6/2017 0:00,2598.37,2614,2522,2600.39,8333.98,,,,
7/7/2017 0:00,2599.01,2605,2475,2501.46,9430.62,,,,
7/8/2017 0:00,2501.46,2555,2462,2550.07,5405.89,,,,
7/9/2017 0:00,2550.13,2564.65,2500.5,2502.28,4483.14,,,,
7/10/2017 0:00,2504,2527.88,2261.85,2323.45,17296.34,,,,
7/11/2017 0:00,2326.12,2399,2242.62,2305.98,17580.96,,,,
7/12/2017 0:00,2301.55,2408.84,2239.54,2388,12883.55,,,,
7/13/2017 0:00,2383.97,2425.16,2312.93,2339.99,8429.85,,,,
7/14/2017 0:00,2340,2357.84,2140,2213.37,12659.02,,,,
7/15/2017 0:00,2209.44,2219.99,1967.65,1970.51,19886.68,,,,
7/16/2017 0:00,1970.51,2044.44,1830,1917.63,25562.71,,,,
7/17/2017 0:00,1917.72,2229.97,1910.57,2226,26448.5,,,,
7/18/2017 0:00,2226,2392,2164,2303.71,25204.49,,,,
7/19/2017 0:00,2308.82,2402.5,2223,2265.21,17009.88,,,,
7/20/2017 0:00,2265.51,2938,2265.51,2875.03,30989.89,,,,
7/21/2017 0:00,2880,2887.45,2611.39,2670,20724.16,,,,
7/22/2017 0:00,2667.01,2882,2644.59,2832.71,12819.63,,,,
7/23/2017 0:00,2824.82,2855,2640,2749.02,11001.96,,,,
7/24/2017 0:00,2756.8,2800,2701,2759.98,10001.92,,,,
7/25/2017 0:00,2759.95,2775.79,2450,2564.82,21326.55,,,,
7/26/2017 0:00,2564.74,2608.96,2400,2524.99,17713.67,,,,
7/27/2017 0:00,2524.99,2695,2509.63,2666.33,11826.48,,,,
7/28/2017 0:00,2666.33,2825,2655.82,2777.01,14069.5,,,,
7/29/2017 0:00,2777.01,2785.65,2631.78,2680.56,10782.22,,,,
7/30/2017 0:00,2681.6,2774.45,2569.69,2742.37,9678.16,,,,
7/31/2017 0:00,2745.76,2889.99,2680.01,2855.81,11114.34,,,,
8/1/2017 0:00,2855.81,2929.17,2615,2731,12525.08,,,,
8/2/2017 0:00,2732,2760,2650,2703.51,9486.63,,,,
8/3/2017 0:00,2703.51,2807.44,2698.83,2793.37,7963.7,,,,
8/4/2017 0:00,2793.34,2877.52,2765.91,2855,7635.82,,,,
8/5/2017 0:00,2851.01,3339.66,2848.32,3263.62,16996.27,,,,
8/6/2017 0:00,3263.51,3296.51,3146.1,3222.75,5998.74,,,,
8/7/2017 0:00,3216.78,3430,3186,3387.55,12046.12,,,,
8/8/2017 0:00,3387.54,3490,3300,3412.41,15835.37,,,,
8/9/2017 0:00,3408.46,3423.1,3178.72,3342.99,14286.84,,,,
8/10/2017 0:00,3342.99,3448,3311.17,3413.03,9031.12,,,,
8/11/2017 0:00,3410,3705,3390.67,3645.06,11927.37,,,,
8/12/2017 0:00,3651.74,3934,3586.95,3855.1,12351.07,,,,
8/13/2017 0:00,3855.04,4190,3841.71,4053.87,15889.83,,,,
8/14/2017 0:00,4053.87,4329.43,3964.96,4306.23,14212.3,,,,
8/15/2017 0:00,4320.95,4400,3800,4155.67,25515.72,,,,
8/16/2017 0:00,4154.99,4379.78,3926.06,4378.84,12923.64,,,,
8/17/2017 0:00,4361.99,4480,4167.21,4276.5,14573.19,,,,
8/18/2017 0:00,4260.47,4368,3964.96,4100,17516.99,,,,
8/19/2017 0:00,4100,4188,3900,4099.55,15036.18,,,,
8/20/2017 0:00,4091.99,4125.95,4000,4058.68,6237.97,,,,
8/21/2017 0:00,4058.64,4080,3949.78,3987.52,9782.06,,,,
8/22/2017 0:00,3987.51,4139.31,3600,4085,23522.76,,,,
8/23/2017 0:00,4078,4248.97,4051.94,4108.12,14979.4,,,,
8/24/2017 0:00,4121.78,4350,4082.57,4300.34,10782.69,,,,
8/25/2017 0:00,4308.8,4449.98,4270,4355.98,9699.61,,,,
8/26/2017 0:00,4348.17,4369.78,4232.43,4333.38,6559.67,,,,
8/27/2017 0:00,4333.38,4393.3,4290.32,4337.68,3979.12,,,,
8/28/2017 0:00,4329.91,4399.72,4169.01,4379.99,8641,,,,
8/29/2017 0:00,4385,4649.78,4336.26,4578.82,11879.64,,,,
8/30/2017 0:00,4578.82,4642.22,4479,4573.2,8720.04,,,,
8/31/2017 0:00,4573.15,4765.21,4566.66,4734.26,8911.41,,,,
9/1/2017 0:00,4734.26,4935,4671.09,4921.7,15367.53,,,,
9/2/2017 0:00,4921.71,4979.9,4488.5,4599.9,16977.79,,,,
9/3/2017 0:00,4599.9,4700,4385,4606.26,11224.91,,,,
9/4/2017 0:00,4603.68,4613.97,4058.5,4277,25069.13,,,,
9/5/2017 0:00,4282.53,4474.88,4001.93,4396.52,20884.22,,,,
9/6/2017 0:00,4397.38,4649.23,4356.42,4605.8,16634.1,,,,
9/7/2017 0:00,4605.81,4674.34,4475,4615,9254.85,,,,
9/8/2017 0:00,4615,4679.97,4125.99,4312,23693.3,,,,
9/9/2017 0:00,4327.41,4379.78,4164,4308.72,9974.39,,,,
9/10/2017 0:00,4322.44,4322.44,4010,4226.22,14724.2,,,,
9/11/2017 0:00,4226.21,4353.49,4092.4,4207.31,11191.6,,,,
9/12/2017 0:00,4198.89,4377.65,4080,4172.56,13294.44,,,,
9/13/2017 0:00,4170.6,4179.14,3720.01,3865.34,29636.38,,,,
9/14/2017 0:00,3861.89,3921.74,3210,3227.79,41319.4,,,,
9/15/2017 0:00,3227.79,3820,2972.01,3700.01,60278.95,,,,
9/16/2017 0:00,3699.89,3872.9,3500,3678.93,23158.23,,,,
9/17/2017 0:00,3669.07,3772.52,3463,3662.99,11770.22,,,,
9/18/2017 0:00,3662.95,4122.7,3659.42,4101.6,17207.6,,,,
9/19/2017 0:00,4102,4119.7,3848.35,3888.8,15278.93,,,,
9/20/2017 0:00,3888.8,4050,3820.56,3874.46,11660.27,,,,
9/21/2017 0:00,3864,3914,3573,3617.05,17904.3,,,,
9/22/2017 0:00,3607.83,3761.84,3514,3612.18,15007.74,,,,
9/23/2017 0:00,3611.91,3810.25,3552,3779.17,10123.23,,,,
9/24/2017 0:00,3781.13,3783.25,3615,3664.22,6508.72,,,,
9/25/2017 0:00,3667.01,3968.59,3658.39,3918,14979.78,,,,
9/26/2017 0:00,3920.66,3970,3850.61,3888.03,10014.62,,,,
9/27/2017 0:00,3883.95,4226.73,3870,4199.29,15075.84,,,,
9/28/2017 0:00,4202.34,4270.01,4123.5,4184.84,9625.93,,,,
9/29/2017 0:00,4183.47,4227.62,4022.02,4164.82,12191.93,,,,
9/30/2017 0:00,4162.04,4349,4154.28,4326.09,7496.78,,,,
10/1/2017 0:00,4326.09,4377.22,4216,4377.22,7211.34,,,,
10/2/2017 0:00,4369.33,4453,4352,4391.48,8259.82,,,,
10/3/2017 0:00,4391.41,4425,4218,4315.83,12468.06,,,,
10/4/2017 0:00,4315.73,4343,4170.07,4219.53,8518.99,,,,
10/5/2017 0:00,4219.74,4358.97,4137.96,4301.09,8419.96,,,,
10/6/2017 0:00,4301.09,4425,4278.4,4362.95,8377.3,,,,
10/7/2017 0:00,4356.09,4463,4312.82,4423.3,4646.41,,,,
10/8/2017 0:00,4422.72,4612,4404.5,4597.98,10083.87,,,,
10/9/2017 0:00,4597.97,4865,4541,4764.7,12923.67,,,,
10/10/2017 0:00,4761.67,4909.97,4700,4749.29,11666.02,,,,
10/11/2017 0:00,4747.9,4869.78,4700,4822.01,9866.9,,,,
10/12/2017 0:00,4822.01,5445,4793.66,5445,19916.23,,,,
10/13/2017 0:00,5444,5846.43,5380,5653.6,27827.38,,,,
10/14/2017 0:00,5653.58,5817.34,5558.26,5801.29,8410.94,,,,
10/15/2017 0:00,5795.01,5830,5415,5679.7,11542.95,,,,
10/16/2017 0:00,5683.92,5807.11,5548,5745.72,9066.8,,,,
10/17/2017 0:00,5752.2,5776.31,5506.78,5597.31,9105.28,,,,
10/18/2017 0:00,5591.97,5617.75,5101.36,5582.05,18961.68,,,,
10/19/2017 0:00,5572.64,5735.14,5512.06,5698.69,9919.84,,,,
10/20/2017 0:00,5700,6074,5589.8,5977.29,15109.06,,,,
10/21/2017 0:00,5977.26,6180,5871,6013.46,15357.42,,,,
10/22/2017 0:00,6010.85,6071.07,5700,5969,12232.52,,,,
10/23/2017 0:00,5967.38,6045.34,5617.75,5871.17,15331.64,,,,
10/24/2017 0:00,5869.82,5870,5453.01,5523.4,17286.72,,,,
10/25/2017 0:00,5518.49,5748,5366,5735.88,12349.11,,,,
10/26/2017 0:00,5741.35,5988,5683,5890,11788.3,,,,
10/27/2017 0:00,5889.99,5994.06,5674.06,5771.89,11911.04,,,,
10/28/2017 0:00,5773.03,5875.66,5646.18,5730.69,5926.3,,,,
10/29/2017 0:00,5731.7,6316.85,5683,6137.37,16086.63,,,,
10/30/2017 0:00,6133.01,6229.77,6024.03,6119.99,9574.64,,,,
10/31/2017 0:00,6120,6449.78,6072.81,6434.21,13423.31,,,,
11/1/2017 0:00,6434.24,6756.36,6340.01,6741.59,12967.22,,,,
11/2/2017 0:00,6745.04,7354.1,6700,7030,26514.65,,,,
11/3/2017 0:00,7030,7500,6925.22,7146.82,15999.78,,,,
11/4/2017 0:00,7145.24,7569.9,6994,7388.83,9200.11,,,,
11/5/2017 0:00,7388.79,7590,7275.16,7372.72,9218.33,,,,
11/6/2017 0:00,7373.3,7421.39,6922.07,6967.68,19323.13,,,,
11/7/2017 0:00,6967.64,7244.69,6945,7130.28,11634.27,,,,
11/8/2017 0:00,7131.38,7888,7080.01,7450.32,24679.72,,,,
11/9/2017 0:00,7465.06,7490,7061.2,7148,14799.27,,,,
11/10/2017 0:00,7150.61,7343.18,6429.44,6588.18,26614.28,,,,
11/11/2017 0:00,6588.18,6820,6218,6355.13,14942.7,,,,
11/12/2017 0:00,6355.13,6488.88,5555.55,5870.37,37315.16,,,,
11/13/2017 0:00,5870.03,6775.75,5846,6525.17,27202.28,,,,
11/14/2017 0:00,6524.69,6750,6466.88,6609,12072.05,,,,
11/15/2017 0:00,6609,7350,6609,7294,16869.9,,,,
11/16/2017 0:00,7294,7976.79,7120.85,7846.96,19272.37,,,,
11/17/2017 0:00,7846.96,7997,7528.5,7674.99,17714.37,,,,
11/18/2017 0:00,7675,7858,7431.54,7771.03,7326.81,,,,
11/19/2017 0:00,7775.55,8087.35,7675,8016.58,8307.78,,,,
11/20/2017 0:00,8016.58,8269.99,7900,8226.17,8179.46,,,,
11/21/2017 0:00,8226.14,8354.46,7770,8095.23,13686.51,,,,
11/22/2017 0:00,8095.19,8310.89,8045.76,8214.69,8078.58,,,,
11/23/2017 0:00,8214.69,8279.76,7980,7989,7811.79,,,,
11/24/2017 0:00,7988.96,8340,7876,8199.19,9289.99,,,,
11/25/2017 0:00,8199.83,8737,8114.78,8717.99,11611.67,,,,
11/26/2017 0:00,8718,9366.6,8538.2,9271.06,12021.22,,,,
11/27/2017 0:00,9278.99,9721.7,9267,9708.07,13272.45,,,,
11/28/2017 0:00,9708.06,9968,9582.25,9868.82,11214.93,,,,
11/29/2017 0:00,9877.63,11395,9250,9824.68,33432.34,,,,
11/30/2017 0:00,9833.7,10618.29,9000,9947.67,25433.46,,,,
12/1/2017 0:00,9927.29,10949.89,9370.11,10840.45,16708.03,,,,
12/2/2017 0:00,10840.45,11200,10637.69,10872,9267.16,,,,
12/3/2017 0:00,10875.68,11800.01,10513.16,11250,14238.53,,,,
12/4/2017 0:00,11250,11613.07,10850,11613.07,13621.48,,,,
12/5/2017 0:00,11613.07,11850,11384.25,11677,11875.03,,,,
12/6/2017 0:00,11676.99,13700,11659.8,13623.5,19784.87,,,,
12/7/2017 0:00,13623,16615.62,13085.9,16599.99,25787.68,,,,
12/8/2017 0:00,16599.99,16666.66,13482.42,15800,25473.4,,,,
12/9/2017 0:00,15799.87,15998.5,12701.05,14607.49,16587.47,,,,
12/10/2017 0:00,14601.01,15385,13011,14691,18487.98,,,,
12/11/2017 0:00,14690.99,17270,14677.19,16470,16583.72,,,,
12/12/2017 0:00,16470,17428.42,15967.29,16650.01,13517.89,,,,
12/13/2017 0:00,16650.01,17107.03,15497.69,16250,17136.71,,,,
12/14/2017 0:00,16245.02,16830.45,15852.69,16404.99,13409.52,,,,
12/15/2017 0:00,16404.99,17934,16337.19,17471.5,18998.39,,,,
12/16/2017 0:00,17477.98,19377,17269.99,19187.78,9761.22,,,,
12/17/2017 0:00,19187.78,19666,18465,18953,9749.25,,,,
12/18/2017 0:00,18953,19220,17835.2,18940.57,14678.94,,,,
12/19/2017 0:00,18940.58,19160.79,16831.26,17700,21528.14,,,,
12/20/2017 0:00,17700,17950,15343.04,16466.98,31172.23,,,,
12/21/2017 0:00,16466.98,17281.17,15005,15600.01,20377.86,,,,
12/22/2017 0:00,15600,15795.61,11159.93,14009.79,57444.89,,,,
12/23/2017 0:00,13980,15756.22,13496.48,14619,21786.41,,,,
12/24/2017 0:00,14619,14619.1,12488,14157.87,18519.49,,,,
12/25/2017 0:00,14107.87,14650,13210,13911.28,11564.54,,,,
12/26/2017 0:00,13925.5,16147.87,13746.95,15764.44,15051.16,,,,
12/27/2017 0:00,15764.45,16480.52,14484,15364.93,15643.75,,,,
12/28/2017 0:00,15390.05,15474.19,13500,14470.07,16557.22,,,,
12/29/2017 0:00,14436.99,15111,13998,14340,13505.7,,,,
12/30/2017 0:00,14351,14463.28,12050,12640,21749.67,,,,
12/31/2017 0:00,12640,14296.06,12491.21,13880,11583.42,,,,
1/1/2018 0:00,13880,13941.75,12801.38,13443.41,7688.03,,,,
1/2/2018 0:00,13394.2,15257.53,12910.58,14678.94,16299.67,,,,
1/3/2018 0:00,14670.96,15500,14546.28,15155.62,12275,,,,
1/4/2018 0:00,15155.62,15430.27,14192.37,15143.67,15004.02,,,,
1/5/2018 0:00,15143.67,17200,14810,16928,16248.91,,,,
1/6/2018 0:00,16927.99,17234.99,16220,17149.67,9501.02,,,,
1/7/2018 0:00,17142.43,17149.97,15707.16,16124.02,8632.81,,,,
1/8/2018 0:00,16173.98,16300,13900,14999.99,16676.35,,,,
1/9/2018 0:00,14999.99,15367.18,14123.97,14403.51,13913.52,,,,
1/10/2018 0:00,14403.51,14479.9,13800,14219.95,1318.96,,,,
